c,rho,P0,Lq,Wq_hours,Wq_minutes,stable,status
20,1.6667,,,Inf,Inf,0,unstable
25,1.3333,,,Inf,Inf,0,unstable
30,1.1111,,,Inf,Inf,0,unstable
35,0.9524,0.000000,13.9303,0.3483,20.90,1,high_wait
40,0.8333,0.000000,0.9537,0.0238,1.43,1,good
45,0.7407,0.000000,0.1035,0.0026,0.16,1,good
50,0.6667,0.000000,0.0092,0.0002,0.01,1,good
55,0.6061,0.000000,0.0006,0.0000,0.00,1,good
60,0.5556,0.000000,0.0000,0.0000,0.00,1,good
